{"_id":{"$oid":"5c88f9f70da47a8507752775"},"city_or_province":"서울","county":"종로구","population":152737}
{"_id":{"$oid":"5c88f9f70da47a8507752776"},"city_or_province":"서울","county":"중구","population":125249}
{"_id":{"$oid":"5c88f9f70da47a8507752777"},"city_or_province":"서울","county":"용산구","population":230241}
{"_id":{"$oid":"5c88f9f70da47a8507752778"},"city_or_province":"서울","county":"성동구","population":299259}
{"_id":{"$oid":"5c88f9f70da47a8507752779"},"city_or_province":"서울","county":"동대문구","population":355069}
{"_id":{"$oid":"5c88f9f70da47a850775277a"},"city_or_province":"서울","county":"성북구","population":450355}
{"_id":{"$oid":"5c88f9f70da47a850775277b"},"city_or_province":"서울","county":"도봉구","population":348220}
{"_id":{"$oid":"5c88f9f70da47a850775277c"},"city_or_province":"서울","county":"은평구","population":491476}
{"_id":{"$oid":"5c88f9f70da47a850775277d"},"city_or_province":"서울","county":"서대문구","population":314194}
{"_id":{"$oid":"5c88f9f70da47a850775277e"},"city_or_province":"서울","county":"마포구","population":379892}
{"_id":{"$oid":"5c88f9f70da47a850775277f"},"city_or_province":"서울","county":"강서구","population":595485}
{"_id":{"$oid":"5c88f9f70da47a8507752780"},"city_or_province":"서울","county":"구로구","population":417551}
{"_id":{"$oid":"5c88f9f70da47a8507752781"},"city_or_province":"서울","county":"영등포구","population":370613}
{"_id":{"$oid":"5c88f9f70da47a8507752782"},"city_or_province":"서울","county":"동작구","population":400997}
{"_id":{"$oid":"5c88f9f70da47a8507752783"},"city_or_province":"서울","county":"관악구","population":506851}
{"_id":{"$oid":"5c88f9f70da47a8507752784"},"city_or_province":"서울","county":"강남구","population":567115}
{"_id":{"$oid":"5c88f9f70da47a8507752785"},"city_or_province":"서울","county":"강동구","population":444168}
{"_id":{"$oid":"5c88f9f70da47a8507752786"},"city_or_province":"서울","county":"송파구","population":657831}
{"_id":{"$oid":"5c88f9f70da47a8507752787"},"city_or_province":"서울","county":"서초구","population":447192}
{"_id":{"$oid":"5c88f9f70da47a8507752788"},"city_or_province":"서울","county":"양천구","population":477739}
{"_id":{"$oid":"5c88f9f70da47a8507752789"},"city_or_province":"서울","county":"중랑구","population":411005}
{"_id":{"$oid":"5c88f9f70da47a850775278a"},"city_or_province":"서울","county":"노원구","population":567581}
{"_id":{"$oid":"5c88f9f70da47a850775278b"},"city_or_province":"서울","county":"광진구","population":357215}
{"_id":{"$oid":"5c88f9f70da47a850775278c"},"city_or_province":"서울","county":"강북구","population":327195}
{"_id":{"$oid":"5c88f9f70da47a850775278d"},"city_or_province":"서울","county":"금천구","population":235386}
{"_id":{"$oid":"5c88f9f70da47a850775278e"},"city_or_province":"부산","county":"중구","population":45208}
{"_id":{"$oid":"5c88f9f70da47a850775278f"},"city_or_province":"부산","county":"서구","population":112973}
{"_id":{"$oid":"5c88f9f70da47a8507752790"},"city_or_province":"부산","county":"동구","population":89826}
{"_id":{"$oid":"5c88f9f70da47a8507752791"},"city_or_province":"부산","county":"영도구","population":126362}
{"_id":{"$oid":"5c88f9f70da47a8507752792"},"city_or_province":"부산","county":"부산진구","population":376526}
{"_id":{"$oid":"5c88f9f70da47a8507752793"},"city_or_province":"부산","county":"동래구","population":272745}
{"_id":{"$oid":"5c88f9f70da47a8507752794"},"city_or_province":"부산","county":"남구","population":278779}
{"_id":{"$oid":"5c88f9f70da47a8507752795"},"city_or_province":"부산","county":"북구","population":310202}
{"_id":{"$oid":"5c88f9f70da47a8507752796"},"city_or_province":"부산","county":"해운대구","population":419853}
{"_id":{"$oid":"5c88f9f70da47a8507752797"},"city_or_province":"경기","county":"수원시","population":1194041}
{"_id":{"$oid":"5c88f9f70da47a8507752798"},"city_or_province":"경기","county":"성남시","population":974580}
{"_id":{"$oid":"5c88f9f70da47a8507752799"},"city_or_province":"경기","county":"의정부시","population":438457}
{"_id":{"$oid":"5c88f9f70da47a850775279a"},"city_or_province":"경기","county":"안양시","population":597414}
{"_id":{"$oid":"5c88f9f70da47a850775279b"},"city_or_province":"경기","county":"부천시","population":851380}
{"_id":{"$oid":"5c88f9f70da47a850775279c"},"city_or_province":"경기","county":"안산시","population":689859}
{"_id":{"$oid":"5c88f9f70da47a850775279d"},"city_or_province":"경기","county":"평택시","population":470832}
{"_id":{"$oid":"5c88f9f70da47a850775279e"},"city_or_province":"경기","county":"광명시","population":339484}
{"_id":{"$oid":"5c88f9f70da47a850775279f"},"city_or_province":"경기","county":"구리시","population":193763}
{"_id":{"$oid":"5c88f9f70da47a85077527a0"},"city_or_province":"경기","county":"양주시","population":205513}
{"_id":{"$oid":"5c88f9f70da47a85077527a1"},"city_or_province":"경기","county":"여주시","population":111563}
{"_id":{"$oid":"5c88f9f70da47a85077527a2"},"city_or_province":"경기","county":"화성시","population":640890}
{"_id":{"$oid":"5c88f9f70da47a85077527a3"},"city_or_province":"경기","county":"시흥시","population":402888}
{"_id":{"$oid":"5c88f9f70da47a85077527a4"},"city_or_province":"경기","county":"파주시","population":430781}
{"_id":{"$oid":"5c88f9f70da47a85077527a5"},"city_or_province":"경기","county":"고양시","population":1039684}
{"_id":{"$oid":"5c88f9f70da47a85077527a6"},"city_or_province":"경기","county":"광주시","population":327723}
{"_id":{"$oid":"5c88f9f70da47a85077527a7"},"city_or_province":"경기","county":"연천군","population":45907}
{"_id":{"$oid":"5c88f9f70da47a85077527a8"},"city_or_province":"경기","county":"포천시","population":154763}
{"_id":{"$oid":"5c88f9f70da47a85077527a9"},"city_or_province":"부산","county":"사하구","population":334603}
{"_id":{"$oid":"5c88f9f70da47a85077527aa"},"city_or_province":"부산","county":"금정구","population":244624}
{"_id":{"$oid":"5c88f9f70da47a85077527ab"},"city_or_province":"부산","county":"강서구","population":108909}
{"_id":{"$oid":"5c88f9f70da47a85077527ac"},"city_or_province":"부산","county":"연제구","population":207268}
{"_id":{"$oid":"5c88f9f70da47a85077527ad"},"city_or_province":"부산","county":"수영구","population":179324}
{"_id":{"$oid":"5c88f9f70da47a85077527ae"},"city_or_province":"부산","county":"사상구","population":232800}
{"_id":{"$oid":"5c88f9f70da47a85077527af"},"city_or_province":"부산","county":"기장군","population":158527}
{"_id":{"$oid":"5c88f9f70da47a85077527b0"},"city_or_province":"경기","county":"가평군","population":62448}
{"_id":{"$oid":"5c88f9f70da47a85077527b1"},"city_or_province":"경기","county":"양평군","population":111367}
{"_id":{"$oid":"5c88f9f70da47a85077527b2"},"city_or_province":"경기","county":"이천시","population":210359}
{"_id":{"$oid":"5c88f9f70da47a85077527b3"},"city_or_province":"경기","county":"용인시","population":991126}
{"_id":{"$oid":"5c88f9f70da47a85077527b4"},"city_or_province":"경기","county":"안성시","population":182896}
{"_id":{"$oid":"5c88f9f70da47a85077527b5"},"city_or_province":"경기","county":"김포시","population":363443}
{"_id":{"$oid":"5c88f9f70da47a85077527b6"},"city_or_province":"경기","county":"동두천시","population":98277}
{"_id":{"$oid":"5c88f9f70da47a85077527b7"},"city_or_province":"경기","county":"과천시","population":63778}
{"_id":{"$oid":"5c88f9f70da47a85077527b8"},"city_or_province":"경기","county":"군포시","population":284890}
{"_id":{"$oid":"5c88f9f70da47a85077527b9"},"city_or_province":"강원","county":"강릉시","population":213846}
{"_id":{"$oid":"5c88f9f70da47a85077527ba"},"city_or_province":"강원","county":"속초시","population":81793}
{"_id":{"$oid":"5c88f9f70da47a85077527bb"},"city_or_province":"강원","county":"태백시","population":47070}
{"_id":{"$oid":"5c88f9f70da47a85077527bc"},"city_or_province":"강원","county":"삼척시","population":69599}
{"_id":{"$oid":"5c88f9f70da47a85077527bd"},"city_or_province":"강원","county":"홍천군","population":70076}
{"_id":{"$oid":"5c88f9f70da47a85077527be"},"city_or_province":"강원","county":"횡성군","population":45991}
{"_id":{"$oid":"5c88f9f70da47a85077527bf"},"city_or_province":"강원","county":"영월군","population":40073}
{"_id":{"$oid":"5c88f9f70da47a85077527c0"},"city_or_province":"강원","county":"평창군","population":43318}
{"_id":{"$oid":"5c88f9f70da47a85077527c1"},"city_or_province":"강원","county":"정선군","population":38718}
{"_id":{"$oid":"5c88f9f70da47a85077527c2"},"city_or_province":"강원","county":"철원군","population":48013}
{"_id":{"$oid":"5c88f9f70da47a85077527c3"},"city_or_province":"강원","county":"화천군","population":26264}
{"_id":{"$oid":"5c88f9f70da47a85077527c4"},"city_or_province":"강원","county":"양구군","population":24010}
{"_id":{"$oid":"5c88f9f70da47a85077527c5"},"city_or_province":"강원","county":"인제군","population":32720}
{"_id":{"$oid":"5c88f9f70da47a85077527c6"},"city_or_province":"강원","county":"고성군","population":30114}
{"_id":{"$oid":"5c88f9f70da47a85077527c7"},"city_or_province":"강원","county":"양양군","population":27218}
{"_id":{"$oid":"5c88f9f70da47a85077527c8"},"city_or_province":"충북","county":"청주시","population":835197}
{"_id":{"$oid":"5c88f9f70da47a85077527c9"},"city_or_province":"충북","county":"충주시","population":208350}
{"_id":{"$oid":"5c88f9f70da47a85077527ca"},"city_or_province":"충북","county":"제천시","population":136517}
{"_id":{"$oid":"5c88f9f70da47a85077527cb"},"city_or_province":"경기","county":"남양주시","population":662154}
{"_id":{"$oid":"5c88f9f70da47a85077527cc"},"city_or_province":"경기","county":"오산시","population":208656}
{"_id":{"$oid":"5c88f9f70da47a85077527cd"},"city_or_province":"경기","county":"의왕시","population":156763}
{"_id":{"$oid":"5c88f9f70da47a85077527ce"},"city_or_province":"경기","county":"하남시","population":211101}
{"_id":{"$oid":"5c88f9f70da47a85077527cf"},"city_or_province":"강원","county":"춘천시","population":280707}
{"_id":{"$oid":"5c88f9f70da47a85077527d0"},"city_or_province":"강원","county":"원주시","population":337979}
{"_id":{"$oid":"5c88f9f70da47a85077527d1"},"city_or_province":"강원","county":"동해시","population":93297}
{"_id":{"$oid":"5c88f9f70da47a85077527d2"},"city_or_province":"충북","county":"보은군","population":34221}
{"_id":{"$oid":"5c88f9f70da47a85077527d3"},"city_or_province":"충북","county":"옥천군","population":52267}
{"_id":{"$oid":"5c88f9f70da47a85077527d4"},"city_or_province":"충북","county":"영동군","population":50552}
{"_id":{"$oid":"5c88f9f70da47a85077527d5"},"city_or_province":"충북","county":"진천군","population":69950}
{"_id":{"$oid":"5c88f9f70da47a85077527d6"},"city_or_province":"충북","county":"괴산군","population":38973}
{"_id":{"$oid":"5c88f9f70da47a85077527d7"},"city_or_province":"충북","county":"음성군","population":97787}
{"_id":{"$oid":"5c88f9f70da47a85077527d8"},"city_or_province":"충북","county":"단양군","population":30503}
{"_id":{"$oid":"5c88f9f70da47a85077527d9"},"city_or_province":"충북","county":"증평군","population":37308}
{"_id":{"$oid":"5c88f9f70da47a85077527da"},"city_or_province":"충남","county":"천안시","population":617955}
{"_id":{"$oid":"5c88f9f70da47a85077527db"},"city_or_province":"충남","county":"부여군","population":70187}
{"_id":{"$oid":"5c88f9f70da47a85077527dc"},"city_or_province":"충남","county":"서천군","population":56012}
{"_id":{"$oid":"5c88f9f70da47a85077527dd"},"city_or_province":"충남","county":"청양군","population":32753}
{"_id":{"$oid":"5c88f9f70da47a85077527de"},"city_or_province":"충남","county":"홍성군","population":99971}
{"_id":{"$oid":"5c88f9f70da47a85077527df"},"city_or_province":"충남","county":"예산군","population":81339}
{"_id":{"$oid":"5c88f9f70da47a85077527e0"},"city_or_province":"충남","county":"당진시","population":166630}
{"_id":{"$oid":"5c88f9f70da47a85077527e1"},"city_or_province":"충남","county":"계룡시","population":42634}
{"_id":{"$oid":"5c88f9f70da47a85077527e2"},"city_or_province":"전북","county":"전주시","population":651744}
{"_id":{"$oid":"5c88f9f70da47a85077527e3"},"city_or_province":"전북","county":"군산시","population":277551}
{"_id":{"$oid":"5c88f9f70da47a85077527e4"},"city_or_province":"전북","county":"정읍시","population":115173}
{"_id":{"$oid":"5c88f9f70da47a85077527e5"},"city_or_province":"전북","county":"남원시","population":84188}
{"_id":{"$oid":"5c88f9f70da47a85077527e6"},"city_or_province":"전북","county":"김제시","population":87782}
{"_id":{"$oid":"5c88f9f70da47a85077527e7"},"city_or_province":"전북","county":"완주군","population":95480}
{"_id":{"$oid":"5c88f9f70da47a85077527e8"},"city_or_province":"전북","county":"진안군","population":26069}
{"_id":{"$oid":"5c88f9f70da47a85077527e9"},"city_or_province":"전북","county":"무주군","population":24949}
{"_id":{"$oid":"5c88f9f70da47a85077527ea"},"city_or_province":"전북","county":"장수군","population":23628}
{"_id":{"$oid":"5c88f9f70da47a85077527eb"},"city_or_province":"전북","county":"임실군","population":30197}
{"_id":{"$oid":"5c88f9f70da47a85077527ec"},"city_or_province":"전북","county":"순창군","population":29949}
{"_id":{"$oid":"5c88f9f70da47a85077527ed"},"city_or_province":"충남","county":"아산시","population":302929}
{"_id":{"$oid":"5c88f9f70da47a85077527ee"},"city_or_province":"충남","county":"보령시","population":103873}
{"_id":{"$oid":"5c88f9f70da47a85077527ef"},"city_or_province":"충남","county":"공주시","population":109931}
{"_id":{"$oid":"5c88f9f70da47a85077527f0"},"city_or_province":"충남","county":"서산시","population":170788}
{"_id":{"$oid":"5c88f9f70da47a85077527f1"},"city_or_province":"충남","county":"금산군","population":54612}
{"_id":{"$oid":"5c88f9f70da47a85077527f2"},"city_or_province":"충남","county":"태안군","population":63900}
{"_id":{"$oid":"5c88f9f70da47a85077527f3"},"city_or_province":"충남","county":"논산시","population":123213}
{"_id":{"$oid":"5c88f9f70da47a85077527f4"},"city_or_province":"전북","county":"고창군","population":60597}
{"_id":{"$oid":"5c88f9f70da47a85077527f5"},"city_or_province":"전북","county":"부안군","population":57005}
{"_id":{"$oid":"5c88f9f70da47a85077527f6"},"city_or_province":"전북","county":"익산시","population":300479}
{"_id":{"$oid":"5c88f9f70da47a85077527f7"},"city_or_province":"전남","county":"목포시","population":237739}
{"_id":{"$oid":"5c88f9f70da47a85077527f8"},"city_or_province":"전남","county":"여수시","population":288988}
{"_id":{"$oid":"5c88f9f70da47a85077527f9"},"city_or_province":"전남","county":"순천시","population":278548}
{"_id":{"$oid":"5c88f9f70da47a85077527fa"},"city_or_province":"전남","county":"나주시","population":104376}
{"_id":{"$oid":"5c88f9f70da47a85077527fb"},"city_or_province":"전남","county":"광양시","population":155580}
{"_id":{"$oid":"5c88f9f70da47a85077527fc"},"city_or_province":"전남","county":"담양군","population":47229}
{"_id":{"$oid":"5c88f9f70da47a85077527fd"},"city_or_province":"전남","county":"해남군","population":75121}
{"_id":{"$oid":"5c88f9f70da47a85077527fe"},"city_or_province":"전남","county":"영암군","population":57045}
{"_id":{"$oid":"5c88f9f70da47a85077527ff"},"city_or_province":"전남","county":"무안군","population":82109}
{"_id":{"$oid":"5c88f9f70da47a8507752800"},"city_or_province":"전남","county":"함평군","population":34397}
{"_id":{"$oid":"5c88f9f70da47a8507752801"},"city_or_province":"전남","county":"영광군","population":55618}
{"_id":{"$oid":"5c88f9f70da47a8507752802"},"city_or_province":"전남","county":"장성군","population":46104}
{"_id":{"$oid":"5c88f9f70da47a8507752803"},"city_or_province":"전남","county":"완도군","population":52668}
{"_id":{"$oid":"5c88f9f70da47a8507752804"},"city_or_province":"전남","county":"진도군","population":32078}
{"_id":{"$oid":"5c88f9f70da47a8507752805"},"city_or_province":"전남","county":"신안군","population":42652}
{"_id":{"$oid":"5c88f9f70da47a8507752806"},"city_or_province":"경북","county":"포항시","population":516775}
{"_id":{"$oid":"5c88f9f70da47a8507752807"},"city_or_province":"경북","county":"경주시","population":259452}
{"_id":{"$oid":"5c88f9f70da47a8507752808"},"city_or_province":"경북","county":"김천시","population":142256}
{"_id":{"$oid":"5c88f9f70da47a8507752809"},"city_or_province":"경북","county":"안동시","population":168798}
{"_id":{"$oid":"5c88f9f70da47a850775280a"},"city_or_province":"경북","county":"구미시","population":419891}
{"_id":{"$oid":"5c88f9f70da47a850775280b"},"city_or_province":"경북","county":"영주시","population":109247}
{"_id":{"$oid":"5c88f9f70da47a850775280c"},"city_or_province":"경북","county":"영천시","population":100521}
{"_id":{"$oid":"5c88f9f70da47a850775280d"},"city_or_province":"경북","county":"문경시","population":74702}
{"_id":{"$oid":"5c88f9f70da47a850775280e"},"city_or_province":"경북","county":"상주시","population":101799}
{"_id":{"$oid":"5c88f9f70da47a850775280f"},"city_or_province":"전남","county":"곡성군","population":30400}
{"_id":{"$oid":"5c88f9f70da47a8507752810"},"city_or_province":"전남","county":"구례군","population":27412}
{"_id":{"$oid":"5c88f9f70da47a8507752811"},"city_or_province":"전남","county":"고흥군","population":67656}
{"_id":{"$oid":"5c88f9f70da47a8507752812"},"city_or_province":"전남","county":"보성군","population":44469}
{"_id":{"$oid":"5c88f9f70da47a8507752813"},"city_or_province":"전남","county":"화순군","population":65303}
{"_id":{"$oid":"5c88f9f70da47a8507752814"},"city_or_province":"전남","county":"장흥군","population":40669}
{"_id":{"$oid":"5c88f9f70da47a8507752815"},"city_or_province":"전남","county":"강진군","population":37753}
{"_id":{"$oid":"5c88f9f70da47a8507752816"},"city_or_province":"경북","county":"군위군","population":24171}
{"_id":{"$oid":"5c88f9f70da47a8507752817"},"city_or_province":"경북","county":"의성군","population":54014}
{"_id":{"$oid":"5c88f9f70da47a8507752818"},"city_or_province":"경북","county":"청송군","population":26301}
{"_id":{"$oid":"5c88f9f70da47a8507752819"},"city_or_province":"경북","county":"영양군","population":17713}
{"_id":{"$oid":"5c88f9f70da47a850775281a"},"city_or_province":"경북","county":"영덕군","population":39052}
{"_id":{"$oid":"5c88f9f70da47a850775281b"},"city_or_province":"경북","county":"청도군","population":43564}
{"_id":{"$oid":"5c88f9f70da47a850775281c"},"city_or_province":"경북","county":"고령군","population":34257}
{"_id":{"$oid":"5c88f9f70da47a850775281d"},"city_or_province":"경북","county":"성주군","population":45205}
{"_id":{"$oid":"5c88f9f70da47a850775281e"},"city_or_province":"경북","county":"칠곡군","population":123199}
{"_id":{"$oid":"5c88f9f70da47a850775281f"},"city_or_province":"경남","county":"밀양시","population":108354}
{"_id":{"$oid":"5c88f9f70da47a8507752820"},"city_or_province":"경남","county":"거제시","population":257183}
{"_id":{"$oid":"5c88f9f70da47a8507752821"},"city_or_province":"경남","county":"의령군","population":28111}
{"_id":{"$oid":"5c88f9f70da47a8507752822"},"city_or_province":"경남","county":"함안군","population":68937}
{"_id":{"$oid":"5c88f9f70da47a8507752823"},"city_or_province":"경남","county":"창녕군","population":63982}
{"_id":{"$oid":"5c88f9f70da47a8507752824"},"city_or_province":"경남","county":"양산시","population":317037}
{"_id":{"$oid":"5c88f9f70da47a8507752825"},"city_or_province":"경남","county":"고성군","population":54703}
{"_id":{"$oid":"5c88f9f70da47a8507752826"},"city_or_province":"경남","county":"사천시","population":114912}
{"_id":{"$oid":"5c88f9f70da47a8507752827"},"city_or_province":"경남","county":"남해군","population":45129}
{"_id":{"$oid":"5c88f9f70da47a8507752828"},"city_or_province":"경남","county":"하동군","population":49622}
{"_id":{"$oid":"5c88f9f70da47a8507752829"},"city_or_province":"경남","county":"산청군","population":36098}
{"_id":{"$oid":"5c88f9f70da47a850775282a"},"city_or_province":"경남","county":"함양군","population":40241}
{"_id":{"$oid":"5c88f9f70da47a850775282b"},"city_or_province":"경남","county":"거창군","population":63308}
{"_id":{"$oid":"5c88f9f70da47a850775282c"},"city_or_province":"경남","county":"합천군","population":48026}
{"_id":{"$oid":"5c88f9f70da47a850775282d"},"city_or_province":"경남","county":"창원시","population":1063907}
{"_id":{"$oid":"5c88f9f70da47a850775282e"},"city_or_province":"제주","county":"제주시","population":470665}
{"_id":{"$oid":"5c88f9f70da47a850775282f"},"city_or_province":"제주","county":"서귀포시","population":170932}
{"_id":{"$oid":"5c88f9f70da47a8507752830"},"city_or_province":"대구","county":"중구","population":79712}
{"_id":{"$oid":"5c88f9f70da47a8507752831"},"city_or_province":"경북","county":"예천군","population":46166}
{"_id":{"$oid":"5c88f9f70da47a8507752832"},"city_or_province":"경북","county":"봉화군","population":33539}
{"_id":{"$oid":"5c88f9f70da47a8507752833"},"city_or_province":"경북","county":"울진군","population":51738}
{"_id":{"$oid":"5c88f9f70da47a8507752834"},"city_or_province":"경북","county":"경산시","population":258037}
{"_id":{"$oid":"5c88f9f70da47a8507752835"},"city_or_province":"경남","county":"진주시","population":346739}
{"_id":{"$oid":"5c88f9f70da47a8507752836"},"city_or_province":"경남","county":"통영시","population":138160}
{"_id":{"$oid":"5c88f9f70da47a8507752837"},"city_or_province":"경남","county":"김해시","population":529422}
{"_id":{"$oid":"5c88f9f70da47a8507752838"},"city_or_province":"대구","county":"동구","population":351352}
{"_id":{"$oid":"5c88f9f70da47a8507752839"},"city_or_province":"대구","county":"서구","population":199507}
{"_id":{"$oid":"5c88f9f70da47a850775283a"},"city_or_province":"대구","county":"남구","population":156433}
{"_id":{"$oid":"5c88f9f70da47a850775283b"},"city_or_province":"대구","county":"북구","population":440383}
{"_id":{"$oid":"5c88f9f70da47a850775283c"},"city_or_province":"대구","county":"수성구","population":447011}
{"_id":{"$oid":"5c88f9f70da47a850775283d"},"city_or_province":"대구","county":"달서구","population":591891}
{"_id":{"$oid":"5c88f9f70da47a850775283e"},"city_or_province":"대구","county":"달성군","population":218268}
{"_id":{"$oid":"5c88f9f70da47a850775283f"},"city_or_province":"인천","county":"중구","population":115249}
{"_id":{"$oid":"5c88f9f70da47a8507752840"},"city_or_province":"인천","county":"동구","population":71014}
{"_id":{"$oid":"5c88f9f70da47a8507752841"},"city_or_province":"인천","county":"옹진군","population":21351}
{"_id":{"$oid":"5c88f9f70da47a8507752842"},"city_or_province":"광주","county":"동구","population":95791}
{"_id":{"$oid":"5c88f9f70da47a8507752843"},"city_or_province":"광주","county":"서구","population":309579}
{"_id":{"$oid":"5c88f9f70da47a8507752844"},"city_or_province":"광주","county":"북구","population":441066}
{"_id":{"$oid":"5c88f9f70da47a8507752845"},"city_or_province":"광주","county":"광산구","population":403049}
{"_id":{"$oid":"5c88f9f70da47a8507752846"},"city_or_province":"광주","county":"남구","population":219729}
{"_id":{"$oid":"5c88f9f70da47a8507752847"},"city_or_province":"대전","county":"동구","population":234959}
{"_id":{"$oid":"5c88f9f70da47a8507752848"},"city_or_province":"대전","county":"중구","population":252490}
{"_id":{"$oid":"5c88f9f70da47a8507752849"},"city_or_province":"대전","county":"서구","population":491011}
{"_id":{"$oid":"5c88f9f70da47a850775284a"},"city_or_province":"대전","county":"유성구","population":343222}
{"_id":{"$oid":"5c88f9f70da47a850775284b"},"city_or_province":"인천","county":"남구","population":417103}
{"_id":{"$oid":"5c88f9f70da47a850775284c"},"city_or_province":"울산","county":"중구","population":242536}
{"_id":{"$oid":"5c88f9f70da47a850775284d"},"city_or_province":"울산","county":"남구","population":340714}
{"_id":{"$oid":"5c88f9f70da47a850775284e"},"city_or_province":"울산","county":"동구","population":174514}
{"_id":{"$oid":"5c88f9f70da47a850775284f"},"city_or_province":"울산","county":"북구","population":195285}
{"_id":{"$oid":"5c88f9f70da47a8507752850"},"city_or_province":"울산","county":"울주군","population":219255}
{"_id":{"$oid":"5c88f9f70da47a8507752851"},"city_or_province":"세종","county":"세종","population":243048}
{"_id":{"$oid":"5c88f9f70da47a8507752852"},"city_or_province":"인천","county":"부평구","population":549716}
{"_id":{"$oid":"5c88f9f70da47a8507752853"},"city_or_province":"인천","county":"남동구","population":530982}
{"_id":{"$oid":"5c88f9f70da47a8507752854"},"city_or_province":"인천","county":"서구","population":510733}
{"_id":{"$oid":"5c88f9f70da47a8507752855"},"city_or_province":"인천","county":"연수구","population":328627}
{"_id":{"$oid":"5c88f9f70da47a8507752856"},"city_or_province":"인천","county":"계양구","population":330284}
{"_id":{"$oid":"5c88f9f70da47a8507752857"},"city_or_province":"인천","county":"강화군","population":68010}
{"_id":{"$oid":"5c88f9f70da47a8507752858"},"city_or_province":"대전","county":"대덕구","population":192688}
