{"_id":{"$oid":"5ce957e9f29c9f1e6f271e26"},"city_or_province":"서울","local_government":"본청","population":9857426}
{"_id":{"$oid":"5ce957e9f29c9f1e6f271e27"},"city_or_province":"서울","local_government":"종로구","population":154770}
{"_id":{"$oid":"5ce957e9f29c9f1e6f271e28"},"city_or_province":"서울","local_government":"중구","population":125709}
{"_id":{"$oid":"5ce957e9f29c9f1e6f271e29"},"city_or_province":"서울","local_government":"용산구","population":229161}
{"_id":{"$oid":"5ce957e9f29c9f1e6f271e2a"},"city_or_province":"서울","local_government":"성동구","population":304808}
{"_id":{"$oid":"5ce957e9f29c9f1e6f271e2b"},"city_or_province":"서울","local_government":"동대문구","population":350647}
{"_id":{"$oid":"5ce957e9f29c9f1e6f271e2c"},"city_or_province":"서울","local_government":"중랑구","population":408226}
{"_id":{"$oid":"5ce957e9f29c9f1e6f271e2d"},"city_or_province":"서울","local_government":"광진구","population":357703}
{"_id":{"$oid":"5ce957e9f29c9f1e6f271e2e"},"city_or_province":"서울","local_government":"성북구","population":444055}
{"_id":{"$oid":"5ce957e9f29c9f1e6f271e2f"},"city_or_province":"서울","local_government":"노원구","population":554403}
{"_id":{"$oid":"5ce957e9f29c9f1e6f271e30"},"city_or_province":"서울","local_government":"강서구","population":601691}
{"_id":{"$oid":"5ce957e9f29c9f1e6f271e31"},"city_or_province":"서울","local_government":"구로구","population":410742}
{"_id":{"$oid":"5ce957e9f29c9f1e6f271e32"},"city_or_province":"서울","local_government":"금천구","population":235154}
{"_id":{"$oid":"5ce957e9f29c9f1e6f271e33"},"city_or_province":"서울","local_government":"영등포구","population":368550}
{"_id":{"$oid":"5ce957e9f29c9f1e6f271e34"},"city_or_province":"서울","local_government":"동작구","population":396217}
{"_id":{"$oid":"5ce957e9f29c9f1e6f271e35"},"city_or_province":"서울","local_government":"관악구","population":503297}
{"_id":{"$oid":"5ce957e9f29c9f1e6f271e36"},"city_or_province":"서울","local_government":"서초구","population":441102}
{"_id":{"$oid":"5ce957e9f29c9f1e6f271e37"},"city_or_province":"서울","local_government":"강남구","population":556164}
{"_id":{"$oid":"5ce957e9f29c9f1e6f271e38"},"city_or_province":"서울","local_government":"송파구","population":664496}
{"_id":{"$oid":"5ce957e9f29c9f1e6f271e39"},"city_or_province":"서울","local_government":"강동구","population":436223}
{"_id":{"$oid":"5ce957e9f29c9f1e6f271e3a"},"city_or_province":"부산","local_government":"본청","population":3470653}
{"_id":{"$oid":"5ce957e9f29c9f1e6f271e3b"},"city_or_province":"부산","local_government":"중구","population":44218}
{"_id":{"$oid":"5ce957e9f29c9f1e6f271e3c"},"city_or_province":"부산","local_government":"서구","population":110039}
{"_id":{"$oid":"5ce957e9f29c9f1e6f271e3d"},"city_or_province":"부산","local_government":"동구","population":88868}
{"_id":{"$oid":"5ce957e9f29c9f1e6f271e3e"},"city_or_province":"부산","local_government":"영도구","population":123521}
{"_id":{"$oid":"5ce957e9f29c9f1e6f271e3f"},"city_or_province":"부산","local_government":"부산진구","population":371703}
{"_id":{"$oid":"5ce957e9f29c9f1e6f271e40"},"city_or_province":"서울","local_government":"강북구","population":324479}
{"_id":{"$oid":"5ce957e9f29c9f1e6f271e41"},"city_or_province":"부산","local_government":"남구","population":273854}
{"_id":{"$oid":"5ce957e9f29c9f1e6f271e42"},"city_or_province":"부산","local_government":"동래구","population":270727}
{"_id":{"$oid":"5ce957e9f29c9f1e6f271e43"},"city_or_province":"부산","local_government":"해운대구","population":412039}
{"_id":{"$oid":"5ce957e9f29c9f1e6f271e44"},"city_or_province":"부산","local_government":"사하구","population":333301}
{"_id":{"$oid":"5ce957e9f29c9f1e6f271e45"},"city_or_province":"부산","local_government":"북구","population":302924}
{"_id":{"$oid":"5ce957e9f29c9f1e6f271e46"},"city_or_province":"부산","local_government":"강서구","population":117382}
{"_id":{"$oid":"5ce957e9f29c9f1e6f271e47"},"city_or_province":"부산","local_government":"연제구","population":206742}
{"_id":{"$oid":"5ce957e9f29c9f1e6f271e48"},"city_or_province":"부산","local_government":"금정구","population":244469}
{"_id":{"$oid":"5ce957e9f29c9f1e6f271e49"},"city_or_province":"부산","local_government":"수영구","population":179996}
{"_id":{"$oid":"5ce957e9f29c9f1e6f271e4a"},"city_or_province":"서울","local_government":"도봉구","population":344166}
{"_id":{"$oid":"5ce957e9f29c9f1e6f271e4b"},"city_or_province":"서울","local_government":"마포구","population":374915}
{"_id":{"$oid":"5ce957e9f29c9f1e6f271e4c"},"city_or_province":"서울","local_government":"은평구","population":486794}
{"_id":{"$oid":"5ce957e9f29c9f1e6f271e4d"},"city_or_province":"서울","local_government":"서대문구","population":312800}
{"_id":{"$oid":"5ce957e9f29c9f1e6f271e4e"},"city_or_province":"대구","local_government":"본청","population":2475231}
{"_id":{"$oid":"5ce957e9f29c9f1e6f271e4f"},"city_or_province":"부산","local_government":"사상구","population":229219}
{"_id":{"$oid":"5ce957e9f29c9f1e6f271e50"},"city_or_province":"대구","local_government":"수성구","population":439211}
{"_id":{"$oid":"5ce957e9f29c9f1e6f271e51"},"city_or_province":"대구","local_government":"달서구","population":578068}
{"_id":{"$oid":"5ce957e9f29c9f1e6f271e52"},"city_or_province":"대구","local_government":"달성군","population":243375}
{"_id":{"$oid":"5ce957e9f29c9f1e6f271e53"},"city_or_province":"인천","local_government":"본청","population":2948542}
{"_id":{"$oid":"5ce957e9f29c9f1e6f271e54"},"city_or_province":"부산","local_government":"기장군","population":161651}
{"_id":{"$oid":"5ce957e9f29c9f1e6f271e55"},"city_or_province":"서울","local_government":"양천구","population":471154}
{"_id":{"$oid":"5ce957e9f29c9f1e6f271e56"},"city_or_province":"인천","local_government":"중구","population":117999}
{"_id":{"$oid":"5ce957e9f29c9f1e6f271e57"},"city_or_province":"인천","local_government":"동구","population":69487}
{"_id":{"$oid":"5ce957e9f29c9f1e6f271e58"},"city_or_province":"대구","local_government":"동구","population":349379}
{"_id":{"$oid":"5ce957e9f29c9f1e6f271e59"},"city_or_province":"대구","local_government":"중구","population":78986}
{"_id":{"$oid":"5ce957e9f29c9f1e6f271e5a"},"city_or_province":"대구","local_government":"서구","population":191992}
{"_id":{"$oid":"5ce957e9f29c9f1e6f271e5b"},"city_or_province":"인천","local_government":"남구","population":419267}
{"_id":{"$oid":"5ce957e9f29c9f1e6f271e5c"},"city_or_province":"대구","local_government":"북구","population":441375}
{"_id":{"$oid":"5ce957e9f29c9f1e6f271e5d"},"city_or_province":"대구","local_government":"남구","population":152845}
{"_id":{"$oid":"5ce957e9f29c9f1e6f271e5e"},"city_or_province":"인천","local_government":"남동구","population":536578}
{"_id":{"$oid":"5ce957e9f29c9f1e6f271e5f"},"city_or_province":"인천","local_government":"연수구","population":335142}
{"_id":{"$oid":"5ce957e9f29c9f1e6f271e60"},"city_or_province":"인천","local_government":"부평구","population":539941}
{"_id":{"$oid":"5ce957e9f29c9f1e6f271e61"},"city_or_province":"인천","local_government":"계양구","population":323784}
{"_id":{"$oid":"5ce957e9f29c9f1e6f271e62"},"city_or_province":"인천","local_government":"서구","population":516017}
{"_id":{"$oid":"5ce957e9f29c9f1e6f271e63"},"city_or_province":"인천","local_government":"강화군","population":68754}
{"_id":{"$oid":"5ce957e9f29c9f1e6f271e64"},"city_or_province":"인천","local_government":"옹진군","population":21573}
{"_id":{"$oid":"5ce957e9f29c9f1e6f271e65"},"city_or_province":"인천","local_government":"광주광역시","population":1463770}
{"_id":{"$oid":"5ce957e9f29c9f1e6f271e66"},"city_or_province":"인천","local_government":"동구","population":95448}
{"_id":{"$oid":"5ce957e9f29c9f1e6f271e67"},"city_or_province":"인천","local_government":"서구","population":306957}
{"_id":{"$oid":"5ce957e9f29c9f1e6f271e68"},"city_or_province":"인천","local_government":"남구","population":218454}
{"_id":{"$oid":"5ce957e9f29c9f1e6f271e69"},"city_or_province":"인천","local_government":"북구","population":438780}
{"_id":{"$oid":"5ce957e9f29c9f1e6f271e6a"},"city_or_province":"인천","local_government":"광산구","population":404131}
{"_id":{"$oid":"5ce957e9f29c9f1e6f271e6b"},"city_or_province":"대전","local_government":"본청","population":1502227}
{"_id":{"$oid":"5ce957e9f29c9f1e6f271e6c"},"city_or_province":"대전","local_government":"동구","population":230516}
{"_id":{"$oid":"5ce957e9f29c9f1e6f271e6d"},"city_or_province":"대전","local_government":"중구","population":248933}
{"_id":{"$oid":"5ce957e9f29c9f1e6f271e6e"},"city_or_province":"대전","local_government":"서구","population":487448}
{"_id":{"$oid":"5ce957e9f29c9f1e6f271e6f"},"city_or_province":"대전","local_government":"유성구","population":348428}
{"_id":{"$oid":"5ce957e9f29c9f1e6f271e70"},"city_or_province":"대전","local_government":"대덕구","population":186902}
{"_id":{"$oid":"5ce957e9f29c9f1e6f271e71"},"city_or_province":"울산","local_government":"본청","population":1165132}
{"_id":{"$oid":"5ce957e9f29c9f1e6f271e72"},"city_or_province":"울산","local_government":"중구","population":238652}
{"_id":{"$oid":"5ce957e9f29c9f1e6f271e73"},"city_or_province":"울산","local_government":"남구","population":335439}
{"_id":{"$oid":"5ce957e9f29c9f1e6f271e74"},"city_or_province":"울산","local_government":"동구","population":169605}
{"_id":{"$oid":"5ce957e9f29c9f1e6f271e75"},"city_or_province":"울산","local_government":"북구","population":200718}
{"_id":{"$oid":"5ce957e9f29c9f1e6f271e76"},"city_or_province":"울산","local_government":"울주군","population":220718}
{"_id":{"$oid":"5ce957e9f29c9f1e6f271e77"},"city_or_province":"세종","local_government":"본청","population":280100}
{"_id":{"$oid":"5ce957e9f29c9f1e6f271e78"},"city_or_province":"경기","local_government":"본청","population":12873895}
{"_id":{"$oid":"5ce957e9f29c9f1e6f271e79"},"city_or_province":"경기","local_government":"성남시","population":967510}
{"_id":{"$oid":"5ce957e9f29c9f1e6f271e7a"},"city_or_province":"경기","local_government":"수원시","population":1202628}
{"_id":{"$oid":"5ce957e9f29c9f1e6f271e7b"},"city_or_province":"경기","local_government":"의정부시","population":441584}
{"_id":{"$oid":"5ce957e9f29c9f1e6f271e7c"},"city_or_province":"경기","local_government":"안양시","population":587764}
{"_id":{"$oid":"5ce957e9f29c9f1e6f271e7d"},"city_or_province":"경기","local_government":"광명시","population":332790}
{"_id":{"$oid":"5ce957e9f29c9f1e6f271e7e"},"city_or_province":"경기","local_government":"부천시","population":850329}
{"_id":{"$oid":"5ce957e9f29c9f1e6f271e7f"},"city_or_province":"경기","local_government":"평택시","population":481530}
{"_id":{"$oid":"5ce957e9f29c9f1e6f271e80"},"city_or_province":"경기","local_government":"안산시","population":677710}
{"_id":{"$oid":"5ce957e9f29c9f1e6f271e81"},"city_or_province":"경기","local_government":"고양시","population":1041983}
{"_id":{"$oid":"5ce957e9f29c9f1e6f271e82"},"city_or_province":"경기","local_government":"과천시","population":57527}
{"_id":{"$oid":"5ce957e9f29c9f1e6f271e83"},"city_or_province":"경기","local_government":"구리시","population":200042}
{"_id":{"$oid":"5ce957e9f29c9f1e6f271e84"},"city_or_province":"경기","local_government":"동두천시","population":97071}
{"_id":{"$oid":"5ce957e9f29c9f1e6f271e85"},"city_or_province":"경기","local_government":"남양주시","population":665321}
{"_id":{"$oid":"5ce957e9f29c9f1e6f271e86"},"city_or_province":"경기","local_government":"오산시","population":213437}
{"_id":{"$oid":"5ce957e9f29c9f1e6f271e87"},"city_or_province":"경기","local_government":"시흥시","population":419664}
{"_id":{"$oid":"5ce957e9f29c9f1e6f271e88"},"city_or_province":"경기","local_government":"군포시","population":281205}
{"_id":{"$oid":"5ce957e9f29c9f1e6f271e89"},"city_or_province":"경기","local_government":"의왕시","population":155767}
{"_id":{"$oid":"5ce957e9f29c9f1e6f271e8a"},"city_or_province":"경기","local_government":"용인시","population":1004081}
{"_id":{"$oid":"5ce957e9f29c9f1e6f271e8b"},"city_or_province":"경기","local_government":"하남시","population":232487}
{"_id":{"$oid":"5ce957e9f29c9f1e6f271e8c"},"city_or_province":"경기","local_government":"파주시","population":437848}
{"_id":{"$oid":"5ce957e9f29c9f1e6f271e8d"},"city_or_province":"경기","local_government":"김포시","population":392092}
{"_id":{"$oid":"5ce957e9f29c9f1e6f271e8e"},"city_or_province":"경기","local_government":"이천시","population":213142}
{"_id":{"$oid":"5ce957e9f29c9f1e6f271e8f"},"city_or_province":"경기","local_government":"화성시","population":691086}
{"_id":{"$oid":"5ce957e9f29c9f1e6f271e90"},"city_or_province":"경기","local_government":"안성시","population":182786}
{"_id":{"$oid":"5ce957e9f29c9f1e6f271e91"},"city_or_province":"경기","local_government":"양주시","population":212146}
{"_id":{"$oid":"5ce957e9f29c9f1e6f271e92"},"city_or_province":"경기","local_government":"포천시","population":152925}
{"_id":{"$oid":"5ce957e9f29c9f1e6f271e93"},"city_or_province":"경기","local_government":"연천군","population":45431}
{"_id":{"$oid":"5ce957e9f29c9f1e6f271e94"},"city_or_province":"경기","local_government":"광주시","population":345947}
{"_id":{"$oid":"5ce957e9f29c9f1e6f271e95"},"city_or_province":"경기","local_government":"여주시","population":111984}
{"_id":{"$oid":"5ce957e9f29c9f1e6f271e96"},"city_or_province":"경기","local_government":"가평군","population":62973}
{"_id":{"$oid":"5ce957e9f29c9f1e6f271e97"},"city_or_province":"경기","local_government":"강원도","population":1550142}
{"_id":{"$oid":"5ce957e9f29c9f1e6f271e98"},"city_or_province":"경기","local_government":"춘천시","population":280514}
{"_id":{"$oid":"5ce957e9f29c9f1e6f271e99"},"city_or_province":"경기","local_government":"양평군","population":115105}
{"_id":{"$oid":"5ce957e9f29c9f1e6f271e9a"},"city_or_province":"경기","local_government":"강릉시","population":213952}
{"_id":{"$oid":"5ce957e9f29c9f1e6f271e9b"},"city_or_province":"경기","local_government":"원주시","population":341337}
{"_id":{"$oid":"5ce957e9f29c9f1e6f271e9c"},"city_or_province":"경기","local_government":"태백시","population":45888}
{"_id":{"$oid":"5ce957e9f29c9f1e6f271e9d"},"city_or_province":"경기","local_government":"삼척시","population":68514}
{"_id":{"$oid":"5ce957e9f29c9f1e6f271e9e"},"city_or_province":"경기","local_government":"속초시","population":82273}
{"_id":{"$oid":"5ce957e9f29c9f1e6f271e9f"},"city_or_province":"경기","local_government":"횡성군","population":46281}
{"_id":{"$oid":"5ce957e9f29c9f1e6f271ea0"},"city_or_province":"경기","local_government":"동해시","population":92851}
{"_id":{"$oid":"5ce957e9f29c9f1e6f271ea1"},"city_or_province":"경기","local_government":"홍천군","population":70340}
{"_id":{"$oid":"5ce957e9f29c9f1e6f271ea2"},"city_or_province":"경기","local_government":"정선군","population":38173}
{"_id":{"$oid":"5ce957e9f29c9f1e6f271ea3"},"city_or_province":"경기","local_government":"영월군","population":40067}
{"_id":{"$oid":"5ce957e9f29c9f1e6f271ea4"},"city_or_province":"경기","local_government":"평창군","population":43092}
{"_id":{"$oid":"5ce957e9f29c9f1e6f271ea5"},"city_or_province":"충북","local_government":"본청","population":1594432}
{"_id":{"$oid":"5ce957e9f29c9f1e6f271ea6"},"city_or_province":"경기","local_government":"양구군","population":23835}
{"_id":{"$oid":"5ce957e9f29c9f1e6f271ea7"},"city_or_province":"경기","local_government":"철원군","population":47185}
{"_id":{"$oid":"5ce957e9f29c9f1e6f271ea8"},"city_or_province":"경기","local_government":"화천군","population":26022}
{"_id":{"$oid":"5ce957e9f29c9f1e6f271ea9"},"city_or_province":"경기","local_government":"고성군","population":30029}
{"_id":{"$oid":"5ce957e9f29c9f1e6f271eaa"},"city_or_province":"경기","local_government":"인제군","population":32582}
{"_id":{"$oid":"5ce957e9f29c9f1e6f271eab"},"city_or_province":"충북","local_government":"제천시","population":136432}
{"_id":{"$oid":"5ce957e9f29c9f1e6f271eac"},"city_or_province":"경기","local_government":"양양군","population":27207}
{"_id":{"$oid":"5ce957e9f29c9f1e6f271ead"},"city_or_province":"충북","local_government":"충주시","population":208316}
{"_id":{"$oid":"5ce957e9f29c9f1e6f271eae"},"city_or_province":"충북","local_government":"옥천군","population":51766}
{"_id":{"$oid":"5ce957e9f29c9f1e6f271eaf"},"city_or_province":"충북","local_government":"청주시","population":835590}
{"_id":{"$oid":"5ce957e9f29c9f1e6f271eb0"},"city_or_province":"충북","local_government":"보은군","population":34053}
{"_id":{"$oid":"5ce957e9f29c9f1e6f271eb1"},"city_or_province":"충북","local_government":"진천군","population":73677}
{"_id":{"$oid":"5ce957e9f29c9f1e6f271eb2"},"city_or_province":"충북","local_government":"영동군","population":50240}
{"_id":{"$oid":"5ce957e9f29c9f1e6f271eb3"},"city_or_province":"충북","local_government":"괴산군","population":39054}
{"_id":{"$oid":"5ce957e9f29c9f1e6f271eb4"},"city_or_province":"충북","local_government":"단양군","population":30215}
{"_id":{"$oid":"5ce957e9f29c9f1e6f271eb5"},"city_or_province":"충북","local_government":"음성군","population":97306}
{"_id":{"$oid":"5ce957e9f29c9f1e6f271eb6"},"city_or_province":"충청","local_government":"본청","population":2116770}
{"_id":{"$oid":"5ce957e9f29c9f1e6f271eb7"},"city_or_province":"충남","local_government":"공주시","population":108432}
{"_id":{"$oid":"5ce957e9f29c9f1e6f271eb8"},"city_or_province":"충북","local_government":"증평군","population":37783}
{"_id":{"$oid":"5ce957e9f29c9f1e6f271eb9"},"city_or_province":"충남","local_government":"아산시","population":311453}
{"_id":{"$oid":"5ce957e9f29c9f1e6f271eba"},"city_or_province":"충남","local_government":"보령시","population":103198}
{"_id":{"$oid":"5ce957e9f29c9f1e6f271ebb"},"city_or_province":"충남","local_government":"논산시","population":122240}
{"_id":{"$oid":"5ce957e9f29c9f1e6f271ebc"},"city_or_province":"충남","local_government":"천안시","population":631531}
{"_id":{"$oid":"5ce957e9f29c9f1e6f271ebd"},"city_or_province":"충남","local_government":"서산시","population":171678}
{"_id":{"$oid":"5ce957e9f29c9f1e6f271ebe"},"city_or_province":"충남","local_government":"금산군","population":53894}
{"_id":{"$oid":"5ce957e9f29c9f1e6f271ebf"},"city_or_province":"충남","local_government":"부여군","population":69086}
{"_id":{"$oid":"5ce957e9f29c9f1e6f271ec0"},"city_or_province":"충남","local_government":"서천군","population":55175}
{"_id":{"$oid":"5ce957e9f29c9f1e6f271ec1"},"city_or_province":"충남","local_government":"계룡시","population":43967}
{"_id":{"$oid":"5ce957e9f29c9f1e6f271ec2"},"city_or_province":"충남","local_government":"당진시","population":167439}
{"_id":{"$oid":"5ce957e9f29c9f1e6f271ec3"},"city_or_province":"충남","local_government":"청양군","population":32837}
{"_id":{"$oid":"5ce957e9f29c9f1e6f271ec4"},"city_or_province":"충남","local_government":"홍성군","population":101570}
{"_id":{"$oid":"5ce957e9f29c9f1e6f271ec5"},"city_or_province":"충남","local_government":"태안군","population":63932}
{"_id":{"$oid":"5ce957e9f29c9f1e6f271ec6"},"city_or_province":"전북","local_government":"본청","population":1854607}
{"_id":{"$oid":"5ce957e9f29c9f1e6f271ec7"},"city_or_province":"충남","local_government":"예산군","population":80338}
{"_id":{"$oid":"5ce957e9f29c9f1e6f271ec8"},"city_or_province":"전북","local_government":"군산시","population":274997}
{"_id":{"$oid":"5ce957e9f29c9f1e6f271ec9"},"city_or_province":"전북","local_government":"전주시","population":648964}
{"_id":{"$oid":"5ce957e9f29c9f1e6f271eca"},"city_or_province":"전북","local_government":"익산시","population":300187}
{"_id":{"$oid":"5ce957e9f29c9f1e6f271ecb"},"city_or_province":"전북","local_government":"정읍시","population":113776}
{"_id":{"$oid":"5ce957e9f29c9f1e6f271ecc"},"city_or_province":"전북","local_government":"순창군","population":29698}
{"_id":{"$oid":"5ce957e9f29c9f1e6f271ecd"},"city_or_province":"전북","local_government":"고창군","population":60472}
{"_id":{"$oid":"5ce957e9f29c9f1e6f271ece"},"city_or_province":"전북","local_government":"부안군","population":56086}
{"_id":{"$oid":"5ce957e9f29c9f1e6f271ecf"},"city_or_province":"전남","local_government":"본청","population":1896424}
{"_id":{"$oid":"5ce957e9f29c9f1e6f271ed0"},"city_or_province":"전남","local_government":"목포시","population":234379}
{"_id":{"$oid":"5ce957e9f29c9f1e6f271ed1"},"city_or_province":"전남","local_government":"여수시","population":286382}
{"_id":{"$oid":"5ce957e9f29c9f1e6f271ed2"},"city_or_province":"전남","local_government":"순천시","population":279331}
{"_id":{"$oid":"5ce957e9f29c9f1e6f271ed3"},"city_or_province":"전남","local_government":"나주시","population":110110}
{"_id":{"$oid":"5ce957e9f29c9f1e6f271ed4"},"city_or_province":"전남","local_government":"광양시","population":155857}
{"_id":{"$oid":"5ce957e9f29c9f1e6f271ed5"},"city_or_province":"전남","local_government":"담양군","population":47285}
{"_id":{"$oid":"5ce957e9f29c9f1e6f271ed6"},"city_or_province":"전남","local_government":"곡성군","population":30131}
{"_id":{"$oid":"5ce957e9f29c9f1e6f271ed7"},"city_or_province":"전남","local_government":"구례군","population":27525}
{"_id":{"$oid":"5ce957e9f29c9f1e6f271ed8"},"city_or_province":"전남","local_government":"고흥군","population":66736}
{"_id":{"$oid":"5ce957e9f29c9f1e6f271ed9"},"city_or_province":"전남","local_government":"보성군","population":43755}
{"_id":{"$oid":"5ce957e9f29c9f1e6f271eda"},"city_or_province":"전남","local_government":"화순군","population":64680}
{"_id":{"$oid":"5ce957e9f29c9f1e6f271edb"},"city_or_province":"전남","local_government":"장흥군","population":40136}
{"_id":{"$oid":"5ce957e9f29c9f1e6f271edc"},"city_or_province":"전남","local_government":"강진군","population":36868}
{"_id":{"$oid":"5ce957e9f29c9f1e6f271edd"},"city_or_province":"전남","local_government":"해남군","population":73604}
{"_id":{"$oid":"5ce957e9f29c9f1e6f271ede"},"city_or_province":"전북","local_government":"남원시","population":83281}
{"_id":{"$oid":"5ce957e9f29c9f1e6f271edf"},"city_or_province":"전북","local_government":"김제시","population":86926}
{"_id":{"$oid":"5ce957e9f29c9f1e6f271ee0"},"city_or_province":"전북","local_government":"완주군","population":95975}
{"_id":{"$oid":"5ce957e9f29c9f1e6f271ee1"},"city_or_province":"전북","local_government":"진안군","population":26271}
{"_id":{"$oid":"5ce957e9f29c9f1e6f271ee2"},"city_or_province":"전북","local_government":"무주군","population":24809}
{"_id":{"$oid":"5ce957e9f29c9f1e6f271ee3"},"city_or_province":"전북","local_government":"장수군","population":23003}
{"_id":{"$oid":"5ce957e9f29c9f1e6f271ee4"},"city_or_province":"전북","local_government":"임실군","population":30162}
{"_id":{"$oid":"5ce957e9f29c9f1e6f271ee5"},"city_or_province":"전남","local_government":"영암군","population":55616}
{"_id":{"$oid":"5ce957e9f29c9f1e6f271ee6"},"city_or_province":"전남","local_government":"무안군","population":82872}
{"_id":{"$oid":"5ce957e9f29c9f1e6f271ee7"},"city_or_province":"전남","local_government":"함평군","population":34328}
{"_id":{"$oid":"5ce957e9f29c9f1e6f271ee8"},"city_or_province":"전남","local_government":"영광군","population":54774}
{"_id":{"$oid":"5ce957e9f29c9f1e6f271ee9"},"city_or_province":"전남","local_government":"장성군","population":46111}
{"_id":{"$oid":"5ce957e9f29c9f1e6f271eea"},"city_or_province":"전남","local_government":"완도군","population":52109}
{"_id":{"$oid":"5ce957e9f29c9f1e6f271eeb"},"city_or_province":"전남","local_government":"진도군","population":31765}
{"_id":{"$oid":"5ce957e9f29c9f1e6f271eec"},"city_or_province":"전남","local_government":"신안군","population":42070}
{"_id":{"$oid":"5ce957e9f29c9f1e6f271eed"},"city_or_province":"경북","local_government":"본청","population":2691706}
{"_id":{"$oid":"5ce957e9f29c9f1e6f271eee"},"city_or_province":"경북","local_government":"상주시","population":100947}
{"_id":{"$oid":"5ce957e9f29c9f1e6f271eef"},"city_or_province":"경북","local_government":"문경시","population":73294}
{"_id":{"$oid":"5ce957e9f29c9f1e6f271ef0"},"city_or_province":"경북","local_government":"경산시","population":259485}
{"_id":{"$oid":"5ce957e9f29c9f1e6f271ef1"},"city_or_province":"경북","local_government":"군위군","population":24215}
{"_id":{"$oid":"5ce957e9f29c9f1e6f271ef2"},"city_or_province":"경북","local_government":"의성군","population":53474}
{"_id":{"$oid":"5ce957e9f29c9f1e6f271ef3"},"city_or_province":"경북","local_government":"청송군","population":26006}
{"_id":{"$oid":"5ce957e9f29c9f1e6f271ef4"},"city_or_province":"경북","local_government":"영양군","population":17479}
{"_id":{"$oid":"5ce957e9f29c9f1e6f271ef5"},"city_or_province":"경북","local_government":"영덕군","population":38529}
{"_id":{"$oid":"5ce957e9f29c9f1e6f271ef6"},"city_or_province":"경북","local_government":"청도군","population":43346}
{"_id":{"$oid":"5ce957e9f29c9f1e6f271ef7"},"city_or_province":"경북","local_government":"고령군","population":33768}
{"_id":{"$oid":"5ce957e9f29c9f1e6f271ef8"},"city_or_province":"경북","local_government":"성주군","population":45138}
{"_id":{"$oid":"5ce957e9f29c9f1e6f271ef9"},"city_or_province":"경북","local_government":"칠곡군","population":120864}
{"_id":{"$oid":"5ce957e9f29c9f1e6f271efa"},"city_or_province":"경북","local_government":"예천군","population":49253}
{"_id":{"$oid":"5ce957e9f29c9f1e6f271efb"},"city_or_province":"경북","local_government":"봉화군","population":33259}
{"_id":{"$oid":"5ce957e9f29c9f1e6f271efc"},"city_or_province":"경북","local_government":"울진군","population":50974}
{"_id":{"$oid":"5ce957e9f29c9f1e6f271efd"},"city_or_province":"경북","local_government":"울릉군","population":9975}
{"_id":{"$oid":"5ce957e9f29c9f1e6f271efe"},"city_or_province":"경남","local_government":"본청","population":3380404}
{"_id":{"$oid":"5ce957e9f29c9f1e6f271eff"},"city_or_province":"경남","local_government":"진주시","population":346681}
{"_id":{"$oid":"5ce957e9f29c9f1e6f271f00"},"city_or_province":"경북","local_government":"포항시","population":513832}
{"_id":{"$oid":"5ce957e9f29c9f1e6f271f01"},"city_or_province":"경북","local_government":"경주시","population":257903}
{"_id":{"$oid":"5ce957e9f29c9f1e6f271f02"},"city_or_province":"경북","local_government":"김천시","population":142908}
{"_id":{"$oid":"5ce957e9f29c9f1e6f271f03"},"city_or_province":"경북","local_government":"안동시","population":166272}
{"_id":{"$oid":"5ce957e9f29c9f1e6f271f04"},"city_or_province":"경북","local_government":"구미시","population":421799}
{"_id":{"$oid":"5ce957e9f29c9f1e6f271f05"},"city_or_province":"경북","local_government":"영주시","population":108371}
{"_id":{"$oid":"5ce957e9f29c9f1e6f271f06"},"city_or_province":"경북","local_government":"영천시","population":100615}
{"_id":{"$oid":"5ce957e9f29c9f1e6f271f07"},"city_or_province":"경남","local_government":"통영시","population":135833}
{"_id":{"$oid":"5ce957e9f29c9f1e6f271f08"},"city_or_province":"경남","local_government":"사천시","population":114252}
{"_id":{"$oid":"5ce957e9f29c9f1e6f271f09"},"city_or_province":"경남","local_government":"김해시","population":532132}
{"_id":{"$oid":"5ce957e9f29c9f1e6f271f0a"},"city_or_province":"경남","local_government":"밀양시","population":107898}
{"_id":{"$oid":"5ce957e9f29c9f1e6f271f0b"},"city_or_province":"경남","local_government":"거제시","population":254073}
{"_id":{"$oid":"5ce957e9f29c9f1e6f271f0c"},"city_or_province":"경남","local_government":"양산시","population":338535}
{"_id":{"$oid":"5ce957e9f29c9f1e6f271f0d"},"city_or_province":"경남","local_government":"창원시","population":1057032}
{"_id":{"$oid":"5ce957e9f29c9f1e6f271f0e"},"city_or_province":"경남","local_government":"의령군","population":27849}
{"_id":{"$oid":"5ce957e9f29c9f1e6f271f0f"},"city_or_province":"경남","local_government":"함안군","population":68207}
{"_id":{"$oid":"5ce957e9f29c9f1e6f271f10"},"city_or_province":"경남","local_government":"창녕군","population":64101}
{"_id":{"$oid":"5ce957e9f29c9f1e6f271f11"},"city_or_province":"제주","local_government":"본청","population":657083}
{"_id":{"$oid":"5ce957e9f29c9f1e6f271f12"},"city_or_province":"제주","local_government":"제주시","population":478700}
{"_id":{"$oid":"5ce957e9f29c9f1e6f271f13"},"city_or_province":"제주","local_government":"서귀포시","population":178383}
{"_id":{"$oid":"5ce957e9f29c9f1e6f271f14"},"city_or_province":"경남","local_government":"고성군","population":54060}
{"_id":{"$oid":"5ce957e9f29c9f1e6f271f15"},"city_or_province":"경남","local_government":"남해군","population":44642}
{"_id":{"$oid":"5ce957e9f29c9f1e6f271f16"},"city_or_province":"경남","local_government":"하동군","population":48831}
{"_id":{"$oid":"5ce957e9f29c9f1e6f271f17"},"city_or_province":"경남","local_government":"산청군","population":36340}
{"_id":{"$oid":"5ce957e9f29c9f1e6f271f18"},"city_or_province":"경남","local_government":"함양군","population":40175}
{"_id":{"$oid":"5ce957e9f29c9f1e6f271f19"},"city_or_province":"경남","local_government":"거창군","population":62763}
{"_id":{"$oid":"5ce957e9f29c9f1e6f271f1a"},"city_or_province":"경남","local_government":"합천군","population":47000}
